{"0": [-0.907276451587677, 14.05275821685791], "1": [-1.0710328817367554, 16.929906845092773], "2": [-0.9071627855300903, 7.653703212738037], "3": [-0.8318252563476562, 4.681802272796631], "4": [-0.8971545696258545, 11.104531288146973], "5": [-0.8876044750213623, 12.342982292175293], "6": [-0.8702510595321655, 10.94411849975586], "7": [-0.902999997138977, 12.639288902282715]}